{"TWEETS": [{"id:": 1591330122644455424, "content:": "Please don't mind my tweets serious we are on a research fucking research to find fucking accounts doing pussy things in this damn social media"}, {"id:": 1591328079326375937, "content:": "Pussy\nWitch\nBitch\nChick"}, {"id:": 1591319784050028544, "content:": "Godsdamn \nhell \nholy shit"}, {"id:": 1590964119016210432, "content:": "Fucked up \ud83e\udd72 still https://t.co/B7ytfe5lzC"}, {"id:": 1590962243310878720, "content:": "Following this account is subjected to mental risk please read the bio care fully \n\nmoto of this account is to be Sad, depressed, mindfucked https://t.co/ZGNuoQoxSb"}]}